,Company_Name,Ratings,Company_Type,Total_Employees,Sector,Total_Years,Head_Quaters,Total_Review_Count,Avg_salaries,Avg_Interview,Avg_Jobs,Benifits
0,TCS,3.8,IT Services & Consulting , 1 Lakh+ Employees , Public , 55 years old , Mumbai +299 more,66.6k Reviews, 734.8k Salaries, 5.6k Interviews, 217  Jobs, 11.3k  Benefits
1,Accenture,3.8,IT Services & Consulting , 1 Lakh+ Employees , Public , 34 years old , Dublin +148 more,42.5k Reviews, 513.1k Salaries, 3.8k Interviews, 4.2k  Jobs, 7k  Benefits
2,Cognizant,3.8,IT Services & Consulting , 1 Lakh+ Employees , Forbes Global 2000 , 29 years old , Teaneck. New Jersey. +123 more,38.4k Reviews, 496.8k Salaries, 3.3k Interviews, 500  Jobs, 5.7k  Benefits
3,Wipro,3.8,IT Services & Consulting , 1 Lakh+ Employees , Public , 78 years old , Bangalore/Bengaluru +253 more,35.4k Reviews, 370.5k Salaries, 3.3k Interviews, 326  Jobs, 4.9k  Benefits
4,ICICI Bank,3.8,Banking , 1 Lakh+ Employees , Public , 29 years old , Mumbai +1215 more,30.9k Reviews, 136k Salaries, 1.7k Interviews, 214  Jobs, 3.7k  Benefits
5,HDFC Bank,3.8,Banking , 1 Lakh+ Employees , Public , 29 years old , Mumbai +1452 more,30.6k Reviews, 123.3k Salaries, 1.4k Interviews, 376  Jobs, 3.2k  Benefits
6,Infosys,3.8,IT Services & Consulting , 1 Lakh+ Employees , Public , 42 years old , Bengaluru/Bangalore +148 more,29.1k Reviews, 413.1k Salaries, 4.5k Interviews, 776  Jobs, 5k  Benefits
7,Capgemini,3.8,IT Services & Consulting , 1 Lakh+ Employees , Public , 56 years old , Paris +100 more,27k Reviews, 336.8k Salaries, 2.3k Interviews, 535  Jobs, 3.9k  Benefits
8,Tech Mahindra,3.8,IT Services & Consulting , 1 Lakh+ Employees , Public , 37 years old , Pune +240 more,25.3k Reviews, 236.2k Salaries, 2.2k Interviews, 1.1k  Jobs, 3.5k  Benefits
9,HCLTech,3.8,IT Services & Consulting , 1 Lakh+ Employees , Public , 32 years old , Noida +160 more,24.8k Reviews, 251.9k Salaries, 2.2k Interviews, 589  Jobs, 4k  Benefits
10,Genpact,3.8,IT Services & Consulting , 1 Lakh+ Employees , Public , 26 years old , New York +85 more,24.2k Reviews, 176k Salaries, 1.8k Interviews, 734  Jobs, 3.6k  Benefits
11,Axis Bank,3.8,Banking , 50k-1 Lakh Employees , Public , 30 years old , Mumbai +1246 more,20.3k Reviews, 93.9k Salaries, 999 Interviews, 299  Jobs, 2.1k  Benefits
12,Concentrix Corporation,3.8,BPO , 50k-1 Lakh Employees , Public , 40 years old , Fremont +97 more,20k Reviews, 99.4k Salaries, 987 Interviews, 171  Jobs, 3.2k  Benefits
13,Amazon,3.8,Internet , 1 Lakh+ Employees , Public , 29 years old , Seattle +410 more,19.2k Reviews, 116.7k Salaries, 3.2k Interviews, 691  Jobs, 4.1k  Benefits
14,Reliance Jio,3.8,Telecom , 50k-1 Lakh Employees , Public , 16 years old , Navi Mumbai +1112 more,18.5k Reviews, 63.3k Salaries, 1.1k Interviews, 166  Jobs, 2.5k  Benefits
15,IBM,3.8,Software Product , 50k-1 Lakh Employees , Public , 112 years old , Armonk +135 more,18.5k Reviews, 197.4k Salaries, 1.4k Interviews, 2.1k  Jobs, 2.7k  Benefits
16,Larsen & Toubro Limited,3.8,Engineering & Construction , 10k-50k Employees , Public , 85 years old , Mumbai +599 more,17.3k Reviews, 76.6k Salaries, 964 Interviews, 159  Jobs, 2.9k  Benefits
17,Reliance Retail,3.8,Retail , 1 Lakh+ Employees , 17 years old , Navi Mumbai +928 more,,16.7k Reviews, 53.8k Salaries, 1k Interviews, 262  Jobs, 1.9k  Benefits
18,HDB Financial Services,3.8,NBFC , 1 Lakh+ Employees , 16 years old , Ahmedabad +910 more,,16.3k Reviews, 49k Salaries, 524 Interviews, 112  Jobs, 1.5k  Benefits
19,Teleperformance,3.8,BPO , 50k-1 Lakh Employees , Forbes Global 2000 , 45 years old , Paris +140 more,15.8k Reviews, 73.8k Salaries, 1.1k Interviews, 245  Jobs, 1.9k  Benefits
20,Vodafone Idea,4.2,5k-10k Employees , Public , 5 years old , Mumbai +612 more,,14.6k Reviews, 62.4k Salaries, 400 Interviews, 361  Jobs, 2k  Benefits
21,BYJU'S,4.2,EdTech , 10k-50k Employees , Indian Unicorn , 12 years old , Bangalore +296 more,13.5k Reviews, 50.3k Salaries, 1.7k Interviews, 886  Jobs, 1.9k  Benefits
22,Deloitte,4.2,Accounting & Auditing , 1 Lakh+ Employees , 178 years old , London +148 more,,13.4k Reviews, 138.4k Salaries, 1.5k Interviews, 291  Jobs, 2.5k  Benefits
23,Kotak Mahindra Bank,4.2,Banking , 50k-1 Lakh Employees , Public , 20 years old , Mumbai +532 more,13k Reviews, 74k Salaries, 667 Interviews, 233  Jobs, 1.3k  Benefits
24,Reliance Industries ,4.2,Oil & Gas , Public , 46 years old , Navi Mumbai +608 more,,12.2k Reviews, 63.5k Salaries, 862 Interviews, 89  Jobs, 1.9k  Benefits
25,Bharti Airtel,4.2,Telecom , 10k-50k Employees , Public , 28 years old , Gurgaon/Gurugram +609 more,11.3k Reviews, 44.3k Salaries, 528 Interviews, 281  Jobs, 1.6k  Benefits
26,Tata Motors,4.2,Automobile , 10k-50k Employees , Public , 78 years old , Pune +431 more,10.4k Reviews, 42.2k Salaries, 679 Interviews, 18  Jobs, 1.7k  Benefits
27,Flipkart,4.2,Internet , 10k-50k Employees , Public , 16 years old , Bangalore +508 more,9k Reviews, 44.3k Salaries, 945 Interviews, 382  Jobs, 1.5k  Benefits
28,WNS,4.2,BPO , 10k-50k Employees , 27 years old , Mumbai +30 more,,8.9k Reviews, 51.9k Salaries, 677 Interviews, 232  Jobs, 1.4k  Benefits
29,iEnergizer,4.2,BPO , 10k-50k Employees , 23 years old , Noida +23 more,,8.7k Reviews, 17.7k Salaries, 276 Interviews, 88  Jobs, 498  Benefits
30,IndusInd Bank,4.2,Banking , 10k-50k Employees , Public , 29 years old , Gurgaon/Gurugram +640 more,8.4k Reviews, 43.5k Salaries, 376 Interviews, 250  Jobs, 799  Benefits
31,Mahindra & Mahindra,4.2,Automobile , 1 Lakh+ Employees , Public , 78 years old , Mumbai +459 more,8.3k Reviews, 37.6k Salaries, 438 Interviews, 94  Jobs, 1.2k  Benefits
32,Ernst & Young,4.2,Accounting & Auditing , 50k-1 Lakh Employees , 21 years old , London +90 more,,8.1k Reviews, 105.8k Salaries, 722 Interviews, 1.8k  Jobs, 1.3k  Benefits
33,Infosys BPM ,4.2,BPO , 10k-50k Employees , 21 years old , Bangalore/Bengaluru +58 more,,7.7k Reviews, 53.5k Salaries, 625 Interviews, 42  Jobs, 1.1k  Benefits
34,DXC Technology,4.2,IT Services & Consulting , 10k-50k Employees , Public , 6 years old , Minato +61 more,7.6k Reviews, 75.6k Salaries, 510 Interviews, 63  Jobs, 1.1k  Benefits
35,IDFC FIRST Bank,4.2,Banking , 10k-50k Employees , Public , 5 years old , Mumbai +517 more,7.2k Reviews, 37.6k Salaries, 381 Interviews, 84  Jobs, 719  Benefits
36,Conneqt Business Solutions,4.2,IT Services & Consulting , 10k-50k Employees , 21 years old , Mumbai +191 more,,7.1k Reviews, 25k Salaries, 287 Interviews, 31  Jobs, 791  Benefits
37,LTIMindtree,4.2,IT Services & Consulting , 50k-1 Lakh Employees , Public , 24 years old , Bangalore/Bengaluru +43 more,6.7k Reviews, 78.2k Salaries, 835 Interviews, 35  Jobs, 845  Benefits
38,Bajaj Finserv,4.2,Insurance , 10k-50k Employees , Public , 16 years old , Pune +814 more,6.6k Reviews, 23.8k Salaries, 307 Interviews, 47  Jobs, 743  Benefits
39,Hinduja Global Solutions,4.2,Software Product , 10k-50k Employees , Public , 23 years old , Bangalore/Bengaluru +87 more,6.4k Reviews, 26.2k Salaries, 156 Interviews, 54  Jobs, 1k  Benefits
40,HSBC Group,4.1,Banking , 10k-50k Employees , Forbes Global 2000 , 21 years old , Pune +55 more,6.4k Reviews, 55.4k Salaries, 332 Interviews, 25  Jobs, 1.2k  Benefits
41,Mphasis,4.1,IT Services & Consulting , 10k-50k Employees , Public , 25 years old , Bangalore/Bengaluru +42 more,6.4k Reviews, 58.6k Salaries, 439 Interviews, 94  Jobs, 867  Benefits
42,PwC,4.1,Accounting & Auditing , 10k-50k Employees , Conglomerate , 143 years old , London +82 more,6.3k Reviews, 65.8k Salaries, 730 Interviews, 522  Jobs, 853  Benefits
43,Startek,4.1,BPO , 10k-50k Employees , Public , 6 years old , Mumbai +64 more,6.3k Reviews, 23.3k Salaries, 291 Interviews, 36  Jobs, 698  Benefits
44,HDFC Life,4.1,Insurance , 10k-50k Employees , Public , 23 years old , Mumbai +496 more,6.2k Reviews, 23.4k Salaries, 326 Interviews, 94  Jobs, 630  Benefits
45,Ericsson,4.1,10k-50k Employees , Forbes Global 2000 , 147 years old , Stockholm +142 more,,6.2k Reviews, 43.3k Salaries, 253 Interviews, 11  Jobs, 1k  Benefits
46,Maruti Suzuki,4.1,Automobile , 10k-50k Employees , Public , 42 years old , New Delhi +341 more,6.1k Reviews, 25.7k Salaries, 410 Interviews, 41  Jobs, 1.1k  Benefits
47,Yes Bank,4.1,Banking , 10k-50k Employees , Public , 19 years old , Mumbai +419 more,5.8k Reviews, 38.9k Salaries, 279 Interviews, 30  Jobs, 628  Benefits
48,Asian Paints,4.1,Chemicals , 5k-10k Employees , Public , 81 years old , Mumbai +386 more,5.8k Reviews, 20.6k Salaries, 421 Interviews, 119  Jobs, 901  Benefits
49,Dr. Reddy's,4.1,10k-50k Employees , Public , 39 years old , Hyderabad/Secunderabad +152 more,,5.7k Reviews, 23.5k Salaries, 246 Interviews, 93  Jobs, 881  Benefits
50,Cipla Pharmaceutical,4.1,Pharma , 10k-50k Employees , Public , 88 years old , Mumbai +219 more,5.7k Reviews, 23.4k Salaries, 330 Interviews, 24  Jobs, 882  Benefits
51,Sutherland Global Services,4.1,IT Services & Consulting , 10k-50k Employees , 37 years old , Pittsford +48 more,,5.6k Reviews, 26.3k Salaries, 326 Interviews, 181  Jobs, 934  Benefits
52,NTT DATA,4.1,IT Services & Consulting , 10k-50k Employees , 35 years old , Chiyoda City +47 more,,5.4k Reviews, 48.8k Salaries, 391 Interviews, 123  Jobs, 769  Benefits
53,EXL Service,4.1,Analytics & KPO , 10k-50k Employees , 24 years old , New York City +41 more,,5.3k Reviews, 32.5k Salaries, 403 Interviews, 459  Jobs, 842  Benefits
54,ICICI Prudential Life Insurance,4.1,Insurance , 10k-50k Employees , Public , 23 years old , Mumbai +433 more,5.3k Reviews, 21k Salaries, 262 Interviews, 266  Jobs, 630  Benefits
55,Jana Small Finance Bank,4.1,Banking , 10k-50k Employees , Public , 17 years old , Bangalore/Bengaluru +331 more,5.2k Reviews, 15.3k Salaries, 162 Interviews, 109  Jobs, 616  Benefits
56,UltraTech Cement,4.1,Building Material , 10k-50k Employees , Public , 40 years old , Mumbai +405 more,5.2k Reviews, 20.2k Salaries, 320 Interviews, 14  Jobs, 645  Benefits
57,Bandhan Bank,4.1,Banking , 50k-1 Lakh Employees , Public , 22 years old , Kolkata +686 more,5.2k Reviews, 18.2k Salaries, 330 Interviews, 23  Jobs, 530  Benefits
58,Paytm,4.1,FinTech , 10k-50k Employees , Public , 13 years old , Noida +285 more,5.2k Reviews, 27.5k Salaries, 389 Interviews, 591  Jobs, 578  Benefits
59,HCL Group,4.1,IT Services & Consulting , 1 Lakh+ Employees , 47 years old , Chennai +68 more,,5.1k Reviews, 70.3k Salaries, 258 Interviews, 1  Jobs, 688  Benefits
60,Lupin,4.1,Pharma , 10k-50k Employees , Public , 55 years old , Mumbai +154 more,5.1k Reviews, 21.5k Salaries, 229 Interviews, 22  Jobs, 813  Benefits
61,AU Small Finance Bank,4.1,Banking , 10k-50k Employees , Fortune India 500 , 27 years old , Jaipur +345 more,5k Reviews, 17.3k Salaries, 256 Interviews, 161  Jobs, 443  Benefits
62,Udaan,4.1,Internet , 1k-5k Employees , Indian Unicorn , 7 years old , Bangalore +328 more,5k Reviews, 19.1k Salaries, 283 Interviews, 289  Jobs, 786  Benefits
63, Bajaj Finance,4.1,NBFC , 10k-50k Employees , 36 years old , Pune +717 more,,5k Reviews, 19k Salaries, 205 Interviews, 102  Jobs, 513  Benefits
64,Indian Army,4.1,Defence & Aerospace , 1 Lakh+ Employees , Public , 128 years old , New Delhi +302 more,4.9k Reviews, 10.3k Salaries, 103 Interviews, --  Jobs, 752  Benefits
65,L&T Infotech,4.1,IT Services & Consulting , 10k-50k Employees , Public , 27 years old , Mumbai +74 more,4.9k Reviews, 67.1k Salaries, 382 Interviews, 138  Jobs, 876  Benefits
66,Zydus Lifesciences,4.1,Pharma , 10k-50k Employees , Public , 71 years old , Ahmedabad +139 more,4.8k Reviews, 16.8k Salaries, 196 Interviews, 52  Jobs, 675  Benefits
67,ITC,4.1,FMCG , 10k-50k Employees , Public , 48 years old , Kolkata +280 more,4.8k Reviews, 21.8k Salaries, 367 Interviews, 78  Jobs, 719  Benefits
68,Wells Fargo,4.1,Banking , 10k-50k Employees , Public , 171 years old , San Francisco +19 more,4.7k Reviews, 39.6k Salaries, 299 Interviews, 117  Jobs, 896  Benefits
69,JP Morgan Chase,4.1,Financial Services , 50k-1 Lakh Employees , Forbes Global 2000 , 23 years old , New York +32 more,4.7k Reviews, 59.2k Salaries, 372 Interviews, 1.1k  Jobs, 900  Benefits
70,Delhivery,4.1,10k-50k Employees , Fortune India 500 , 12 years old , Delhi +573 more,,4.6k Reviews, 15.8k Salaries, 276 Interviews, 424  Jobs, 656  Benefits
71,FIS,4.1,FinTech , 10k-50k Employees , 55 years old , Jacksonville +37 more,,4.6k Reviews, 37.1k Salaries, 281 Interviews, 69  Jobs, 780  Benefits
72,Hindustan Unilever ,4.1,FMCG , 10k-50k Employees , Public , 151 years old , London +403 more,4.6k Reviews, 20.6k Salaries, 225 Interviews, 192  Jobs, 685  Benefits
73,Amazon Development Centre India,4.1,Internet , 10k-50k Employees , Hyderabad/Secunderabad +58 more,,,4.5k Reviews, 4.7k Salaries, 337 Interviews, 29  Jobs, 44  Benefits
74,IIFL Finance,4.1,Financial Services , 10k-50k Employees , Public , 28 years old , Mumbai +619 more,4.5k Reviews, 17.3k Salaries, 201 Interviews, 137  Jobs, 437  Benefits
75,Quess,4.1,Recruitment , 1 Lakh+ Employees , Public , 16 years old , Bangalore +468 more,4.5k Reviews, 22k Salaries, 250 Interviews, 238  Jobs, 457  Benefits
76,TATA Steel,4.1,Iron & Steel , 1 Lakh+ Employees , Public , 116 years old , Mumbai +147 more,4.3k Reviews, 20.2k Salaries, 413 Interviews, 42  Jobs, 653  Benefits
77,Hexaware Technologies,4.1,IT Services & Consulting , 10k-50k Employees , Fortune India 500 , 33 years old , Mumbai +39 more,4.3k Reviews, 41.1k Salaries, 356 Interviews, 334  Jobs, 579  Benefits
78,KPMG India,4.1,Management Consulting , 10k-50k Employees , 36 years old , Bengaluru/Bangalore +73 more,,4.3k Reviews, 53.6k Salaries, 466 Interviews, 488  Jobs, 778  Benefits
79,Sun Pharmaceutical Industries,4.1,Pharma , 10k-50k Employees , Public , 40 years old , Mumbai +182 more,4.3k Reviews, 19.3k Salaries, 218 Interviews, 113  Jobs, 632  Benefits
80,Home Credit Finance,4.1,Financial Services , 10k-50k Employees , 11 years old , Gurugram +109 more,,4.2k Reviews, 11.8k Salaries, 91 Interviews, 101  Jobs, 627  Benefits
81,JSW Steel,4.1,Iron & Steel , 10k-50k Employees , Public , 41 years old , Mumbai +121 more,4.2k Reviews, 22.6k Salaries, 327 Interviews, 67  Jobs, 618  Benefits
82,Ujjivan Small Finance Bank,4.1,Banking , 10k-50k Employees , Public , 6 years old , Bangalore/Bengaluru +411 more,4.1k Reviews, 12.3k Salaries, 139 Interviews, 20  Jobs, 594  Benefits
83,Shapoorji Pallonji Group,4.1,Engineering & Construction , 5k-10k Employees , Conglomerate , 158 years old , Mumbai +152 more,4.1k Reviews, 15k Salaries, 219 Interviews, 30  Jobs, 656  Benefits
84,Oracle,4.1,Software Product , 50k-1 Lakh Employees , Public , 46 years old , Austin +39 more,4.1k Reviews, 49k Salaries, 490 Interviews, 194  Jobs, 632  Benefits
85,OPPO,4.1,Consumer Electronics & Appliances , 10k-50k Employees , Public , 19 years old , Dongguan +354 more,4.1k Reviews, 13.6k Salaries, 162 Interviews, 9  Jobs, 648  Benefits
86,Max Life Insurance,4.1,Insurance , 10k-50k Employees , 23 years old , Gurgaon/Gurugram +362 more,,4.1k Reviews, 15.5k Salaries, 175 Interviews, 408  Jobs, 506  Benefits
87,Aurobindo Pharma,4.1,Pharma , 10k-50k Employees , Public , 37 years old , Hyderabad/Secunderabad +72 more,4k Reviews, 21.4k Salaries, 161 Interviews, 6  Jobs, 489  Benefits
88,Muthoot Finance,4.1,NBFC , 10k-50k Employees , Public , 84 years old , Kochi/Cochin +582 more,4k Reviews, 11.5k Salaries, 152 Interviews, 285  Jobs, 331  Benefits
89,eClerx,4.1,IT Services & Consulting , 10k-50k Employees , Public , 23 years old , Mumbai +17 more,4k Reviews, 25.8k Salaries, 287 Interviews, 133  Jobs, 580  Benefits
90,Ashok Leyland,4.1,Automobile , 10k-50k Employees , Public , 75 years old , Chennai +198 more,4k Reviews, 18.5k Salaries, 146 Interviews, 2  Jobs, 673  Benefits
91,Shriram Transport Finance ,4.1,NBFC , 10k-50k Employees , Public , 44 years old , Mumbai +750 more,4k Reviews, 8.9k Salaries, 146 Interviews, --  Jobs, 496  Benefits
92,Capgemini Technology Services India Limited,4.1,IT Services & Consulting , 1 Lakh+ Employees , Bengaluru/Bangalore +34 more,,,4k Reviews, 41.7k Salaries, 333 Interviews, 2  Jobs, 453  Benefits
93,Tata Projects,4.1,Engineering & Construction , 5k-10k Employees , Public , 44 years old , Mumbai +223 more,4k Reviews, 19k Salaries, 251 Interviews, 38  Jobs, 557  Benefits
94,Apollo Hospitals,4.1,Healthcare , 10k-50k Employees , Public , 40 years old , Chennai +174 more,3.9k Reviews, 15.3k Salaries, 183 Interviews, 66  Jobs, 519  Benefits
95,Siemens,4.1,Power , 5k-10k Employees , Public , 176 years old , Munich +118 more,3.9k Reviews, 26.6k Salaries, 234 Interviews, 1.2k  Jobs, 653  Benefits
96,Vivo,4.1,Consumer Electronics & Appliances , 5k-10k Employees , Conglomerate , 14 years old , Gurgaon/Gurugram +357 more,3.9k Reviews, 14.1k Salaries, 139 Interviews, 2  Jobs, 655  Benefits
97,JLL,4.1,Real Estate , 10k-50k Employees , Forbes Global 2000 , 26 years old , Mumbai +67 more,3.9k Reviews, 19k Salaries, 194 Interviews, 33  Jobs, 566  Benefits
98,First Source,4.1,BPO , 10k-50k Employees , Public , 22 years old , Mumbai +49 more,3.8k Reviews, 19.3k Salaries, 165 Interviews, 124  Jobs, 593  Benefits
99,L&T Construction,4.1,Engineering & Construction , 10k-50k Employees , Public , 79 years old , Chennai +320 more,3.8k Reviews, 13.2k Salaries, 404 Interviews, --  Jobs, 800  Benefits
100,JustDial,3.5,Internet , 10k-50k Employees , Public , 27 years old , Mumbai +159 more,3.8k Reviews, 15.1k Salaries, 214 Interviews, 130  Jobs, 382  Benefits
101,Hero MotoCorp,3.5,Automobile , 5k-10k Employees , Public , 39 years old , Gurgaon/Gurugram +296 more,3.7k Reviews, 14k Salaries, 238 Interviews, 7  Jobs, 604  Benefits
102,Hewlett-Packard Enterprise,3.5,Emerging Technologies , 10k-50k Employees , Forbes Global 2000 , 8 years old , Houston +94 more,3.7k Reviews, 31k Salaries, 170 Interviews, 54  Jobs, 623  Benefits
103,Omega Healthcare,3.5,Healthcare , 10k-50k Employees , 20 years old , Florida +34 more,,3.7k Reviews, 19.3k Salaries, 194 Interviews, 85  Jobs, 408  Benefits
104,Megha Engineering & Infrastructures,3.5,Engineering & Construction , 5k-10k Employees , Conglomerate , 34 years old , Hyderabad/Secunderabad +265 more,3.6k Reviews, 13.7k Salaries, 265 Interviews, 28  Jobs, 555  Benefits
105,Mahindra & Mahindra Financial Services,3.5,NBFC , 10k-50k Employees , Public , 32 years old , Mumbai +614 more,3.6k Reviews, 10k Salaries, 89 Interviews, 52  Jobs, 509  Benefits
106,Cyient,3.5,IT Services & Consulting , 10k-50k Employees , Public , 32 years old , Hyderabad/Secunderabad +29 more,3.6k Reviews, 24.7k Salaries, 163 Interviews, 262  Jobs, 487  Benefits
107,Bajaj Allianz Life Insurance,3.5,Insurance , 10k-50k Employees , 22 years old , Pune +471 more,,3.6k Reviews, 14.2k Salaries, 186 Interviews, 36  Jobs, 480  Benefits
108,D Mart,3.5,Retail , 10k-50k Employees , Fortune India 500 , 23 years old , Mumbai +199 more,3.5k Reviews, 13.5k Salaries, 220 Interviews, 75  Jobs, 482  Benefits
109,Hyundai Motor,3.5,Automobile , 10k-50k Employees , Fortune India 500 , 56 years old , Seoul +256 more,3.5k Reviews, 13.2k Salaries, 172 Interviews, 21  Jobs, 567  Benefits
110,BigBasket,3.5,Internet , 10k-50k Employees , Indian Unicorn , 12 years old , Bangalore +103 more,3.4k Reviews, 14.5k Salaries, 234 Interviews, 17  Jobs, 438  Benefits
111,Indiamart Intermesh,3.5,Internet , 1k-5k Employees , 27 years old , Noida +128 more,,3.4k Reviews, 16k Salaries, 339 Interviews, 922  Jobs, 441  Benefits
112,TVS Motor,3.5,Automobile , 5k-10k Employees , Public , 44 years old , Chennai +257 more,3.4k Reviews, 13.8k Salaries, 188 Interviews, 19  Jobs, 537  Benefits
113,Reliance Communications,3.5,Telecom , 201-500 Employees , Public , 21 years old , Navi Mumbai +406 more,3.4k Reviews, 13.3k Salaries, 59 Interviews, 2  Jobs, 373  Benefits
114,Atos Syntel,3.5,IT Services & Consulting , 5k-10k Employees , 43 years old , Troy +18 more,,3.3k Reviews, 34.2k Salaries, 168 Interviews, 43  Jobs, 538  Benefits
115,Bosch,3.5,Auto Components , 10k-50k Employees , Public , 137 years old , Gerlingen +92 more,3.3k Reviews, 17.9k Salaries, 199 Interviews, 10  Jobs, 624  Benefits
116,Standard Chartered Bank,3.5,Banking , 10k-50k Employees , Fortune India 500 , 54 years old , London +58 more,3.3k Reviews, 24.7k Salaries, 114 Interviews, 31  Jobs, 319  Benefits
117,Manappuram Finance,3.5,NBFC , 10k-50k Employees , Public , 74 years old , Thrissur/Trichur +454 more,3.3k Reviews, 7.6k Salaries, 93 Interviews, 16  Jobs, 263  Benefits
118, UST,3.5,IT Services & Consulting , 10k-50k Employees , 22 years old , Aliso Viejo +34 more,,3.3k Reviews, 33k Salaries, 250 Interviews, 128  Jobs, 453  Benefits
119,Bosch Global Software Technologies,3.5,Software Product , 10k-50k Employees , 33 years old , Gerlingen +25 more,,3.3k Reviews, 30.4k Salaries, 192 Interviews, 5  Jobs, 714  Benefits
120,Oyo Rooms,3.4,Hospitality , 1k-5k Employees , Indian Unicorn , 10 years old , Gurgaon +109 more,3.3k Reviews, 25.2k Salaries, 154 Interviews, 170  Jobs, 392  Benefits
121,SBI Cards & Payment Services,3.4,1k-5k Employees , 25 years old , Gurgaon/Gurugram +305 more,,,3.2k Reviews, 15.4k Salaries, 158 Interviews, 87  Jobs, 349  Benefits
122,Coforge,3.4,IT Services & Consulting , 10k-50k Employees , Public , 19 years old , Noida +81 more,3.2k Reviews, 29.4k Salaries, 241 Interviews, 168  Jobs, 317  Benefits
123,Cummins,3.4,Auto Components , 5k-10k Employees , Fortune India 500 , 61 years old , Columbus +94 more,3.2k Reviews, 14.3k Salaries, 170 Interviews, 33  Jobs, 481  Benefits
124,BNY Mellon,3.4,Investment Banking / Venture Capital / Private Equity , 10k-50k Employees , Forbes Global 2000 , 19 years old , New York City +14 more,3.2k Reviews, 26.3k Salaries, 177 Interviews, 537  Jobs, 554  Benefits
125,Nagarro,3.4,IT Services & Consulting , 10k-50k Employees , 27 years old , Munich +33 more,,3.2k Reviews, 18.8k Salaries, 401 Interviews, 64  Jobs, 1.2k  Benefits
126,BT Group,3.4,Telecom , 10k-50k Employees , Forbes Global 2000 , 177 years old , London +17 more,3.2k Reviews, 10.5k Salaries, 86 Interviews, 32  Jobs, 309  Benefits
127,Virtusa Consulting Services,3.4,IT Services & Consulting , 10k-50k Employees , 27 years old , Southborough +28 more,,3.2k Reviews, 43k Salaries, 272 Interviews, 110  Jobs, 334  Benefits
128,IQVIA,3.4,Clinical Research , 10k-50k Employees , Forbes Global 2000 , 41 years old , Durham +38 more,3.2k Reviews, 23k Salaries, 256 Interviews, 33  Jobs, 548  Benefits
129,SMFG India Credit,3.4,NBFC , 10k-50k Employees , 16 years old , Mumbai +463 more,,3.2k Reviews, 10.2k Salaries, 85 Interviews, --  Jobs, 348  Benefits
130,GlobalLogic,3.4,IT Services & Consulting , 10k-50k Employees , 23 years old , San Jose +29 more,,3.2k Reviews, 28.4k Salaries, 274 Interviews, 75  Jobs, 542  Benefits
131,ICICI Lombard General Insurance Company,3.4,Insurance , 10k-50k Employees , Public , 22 years old , Mumbai +237 more,3.2k Reviews, 15.8k Salaries, 149 Interviews, 166  Jobs, 375  Benefits
132,Amdocs,3.4,Software Product , 10k-50k Employees , Forbes Global 2000 , 41 years old , Chesterfield +14 more,3.2k Reviews, 30.3k Salaries, 316 Interviews, 14  Jobs, 664  Benefits
133,Schneider Electric,3.4,Industrial Automation , 10k-50k Employees , Forbes Global 2000 , 24 years old , Paris +97 more,3.1k Reviews, 19.1k Salaries, 191 Interviews, 181  Jobs, 481  Benefits
134,Future Group,3.4,Retail , 10k-50k Employees , Conglomerate , 10 years old , Mumbai +197 more,3.1k Reviews, 12.6k Salaries, 63 Interviews, 27  Jobs, 419  Benefits
135,Intelenet Global Services,3.4,BPO , 10k-50k Employees , 23 years old , Mumbai +57 more,,3.1k Reviews, 9.5k Salaries, 33 Interviews, --  Jobs, 489  Benefits
136,CBRE,3.4,Real Estate , 10k-50k Employees , Forbes Global 2000 , 117 years old , Los Angeles +64 more,3.1k Reviews, 15k Salaries, 139 Interviews, 118  Jobs, 476  Benefits
137,Samsung,3.4,Consumer Electronics & Appliances , 5k-10k Employees , Public , 85 years old , Seoul +398 more,3k Reviews, 15.8k Salaries, 290 Interviews, 158  Jobs, 534  Benefits
138,L&T Technology Services,3.4,IT Services & Consulting , 10k-50k Employees , Public , 11 years old , Vadodara/Baroda +37 more,3k Reviews, 27.9k Salaries, 235 Interviews, 2  Jobs, 458  Benefits
139,State Bank of India,3.4,Banking , 1 Lakh+ Employees , Fortune India 500 , 217 years old , Mumbai +445 more,3k Reviews, 10.2k Salaries, 144 Interviews, 183  Jobs, 399  Benefits
140,Dell,4.1,Consumer Electronics & Appliances , 10k-50k Employees , Forbes Global 2000 , 39 years old , Round Rock +88 more,3k Reviews, 24.1k Salaries, 227 Interviews, 88  Jobs, 565  Benefits
141,Cholamandalam Investment & Finance,4.1,NBFC , 5k-10k Employees , Fortune India 500 , 45 years old , Chennai +573 more,3k Reviews, 8.8k Salaries, 97 Interviews, 15  Jobs, 309  Benefits
142,JBM Group,4.1,Auto Components , 1k-5k Employees , Public , 40 years old , Gurgaon/Gurugram +81 more,3k Reviews, 13k Salaries, 167 Interviews, 1  Jobs, 385  Benefits
143,Swiggy,4.1,Internet , 5k-10k Employees , Indian Unicorn , 9 years old , Bangalore +165 more,3k Reviews, 17.8k Salaries, 222 Interviews, 373  Jobs, 364  Benefits
144,Ecom Express,4.1,Logistics , 10k-50k Employees , 11 years old , Gurgaon +579 more,,3k Reviews, 8.4k Salaries, 125 Interviews, 61  Jobs, 333  Benefits
145,Bajaj Auto,4.1,Automobile , 5k-10k Employees , Public , 78 years old , Pune +225 more,2.9k Reviews, 12.6k Salaries, 168 Interviews, 3  Jobs, 557  Benefits
146,Ekart Logistics,4.1,Logistics , 5k-10k Employees , 14 years old , San Francisco +511 more,,2.9k Reviews, 7.5k Salaries, 191 Interviews, --  Jobs, 362  Benefits
147,SBI Life Insurance Company,4.1,Insurance , 10k-50k Employees , 22 years old , Mumbai +493 more,,2.9k Reviews, 9.8k Salaries, 140 Interviews, 8  Jobs, 329  Benefits
148,Optum,4.1,Healthcare , 10k-50k Employees , 46 years old , Prairie +25 more,,2.9k Reviews, 21.1k Salaries, 246 Interviews, 23  Jobs, 564  Benefits
149,KEC International,4.1,Engineering & Construction , 5k-10k Employees , Public , 78 years old , Mumbai +251 more,2.9k Reviews, 10.3k Salaries, 183 Interviews, 5  Jobs, 450  Benefits
150,Equitas Small Finance Bank,4.1,Banking , 10k-50k Employees , Fortune India 500 , 16 years old , Chennai +325 more,2.9k Reviews, 11.2k Salaries, 100 Interviews, 5  Jobs, 390  Benefits
151,Nagarjuna Construction Company,4.1,Engineering & Construction , 5k-10k Employees , Public , 25 years old , Hyderabad/Secunderabad +203 more,2.9k Reviews, 10.1k Salaries, 183 Interviews, 3  Jobs, 412  Benefits
152,Aditya Birla Fashion and Retail,4.1,Retail , 10k-50k Employees , Fortune India 500 , 8 years old , Mumbai +214 more,2.9k Reviews, 11.5k Salaries, 103 Interviews, 50  Jobs, 425  Benefits
153,Viatris,4.1,Pharma , 10k-50k Employees , Forbes Global 2000 , 62 years old , Canonsburg +66 more,2.9k Reviews, 14.2k Salaries, 91 Interviews, 3  Jobs, 524  Benefits
154,Samvardhana Motherson Group,4.1,Auto Components , 1k-5k Employees , Public , 37 years old , Noida +71 more,2.8k Reviews, 13.9k Salaries, 153 Interviews, 59  Jobs, 414  Benefits
155,Muthoot Fincorp,4.1,NBFC , 10k-50k Employees , Conglomerate , 136 years old , Trivandrum/Thiruvananthapuram +512 more,2.8k Reviews, 7.7k Salaries, 85 Interviews, 68  Jobs, 283  Benefits
156,Godrej & Boyce Manufacturing,4.1,Engineering & Construction , 10k-50k Employees , Fortune India 500 , 126 years old , Mumbai +126 more,2.8k Reviews, 16.5k Salaries, 119 Interviews, 42  Jobs, 426  Benefits
157,Piramal Capital Housing Finance,4.1,NBFC , 1k-5k Employees , 3 years old , Mumbai +303 more,,2.8k Reviews, 8.7k Salaries, 121 Interviews, 21  Jobs, 271  Benefits
158,Royal Enfield,4.1,Automobile , 10k-50k Employees , 122 years old , Gurgaon/Gurugram +280 more,,2.8k Reviews, 14.1k Salaries, 96 Interviews, 11  Jobs, 415  Benefits
159,Tata Communications,4.1,Telecom , 5k-10k Employees , Public , 37 years old , Mumbai +84 more,2.8k Reviews, 21.3k Salaries, 161 Interviews, 410  Jobs, 430  Benefits
160,L&T Finance,4.0,NBFC , 10k-50k Employees , Public , 29 years old , Mumbai +446 more,2.8k Reviews, 10.5k Salaries, 72 Interviews, --  Jobs, 268  Benefits
161,John Deere,4.0,IT Services & Consulting , 5k-10k Employees , Fortune India 500 , 22 years old , Moline +111 more,2.8k Reviews, 13.3k Salaries, 142 Interviews, 13  Jobs, 430  Benefits
162,LG Electronics,4.0,Consumer Electronics & Appliances , 10k-50k Employees , Public , 65 years old , Seoul +230 more,2.8k Reviews, 10.1k Salaries, 138 Interviews, 6  Jobs, 413  Benefits
163,Intas Pharmaceuticals,4.0,Pharma , 10k-50k Employees , Fortune India 500 , 23 years old , Ahmedabad +109 more,2.7k Reviews, 14.1k Salaries, 129 Interviews, 58  Jobs, 397  Benefits
164,Whitehat jr,4.0,EdTech , 5k-10k Employees , Startup , 5 years old , Mumbai +49 more,2.7k Reviews, 9.4k Salaries, 278 Interviews, 514  Jobs, 972  Benefits
165,Thermax Limited,4.0,Industrial Machinery , 1k-5k Employees , Public , 57 years old , Pune +158 more,2.7k Reviews, 11.6k Salaries, 142 Interviews, 21  Jobs, 380  Benefits
166,Varun Beverages,4.0,Beverage , 5k-10k Employees , Public , 28 years old , Gurgaon/Gurugram +251 more,2.7k Reviews, 9k Salaries, 130 Interviews, 53  Jobs, 331  Benefits
167,Hetero Drugs,4.0,Pharma , 1k-5k Employees , 30 years old , Hyderabad/Secunderabad +37 more,,2.6k Reviews, 13.3k Salaries, 138 Interviews, 22  Jobs, 340  Benefits
168,Ford Motor,4.0,Automobile , 5k-10k Employees , Public , 120 years old , Dearborn +104 more,2.6k Reviews, 14k Salaries, 73 Interviews, 58  Jobs, 397  Benefits
169,Deutsche Bank,4.0,Banking , 10k-50k Employees , Fortune India 500 , 153 years old , Frankfurt +34 more,2.6k Reviews, 28.4k Salaries, 200 Interviews, 732  Jobs, 414  Benefits
170,Sodexo,4.0,Facility Management Services , 10k-50k Employees , Forbes Global 2000 , 15 years old , Issy les Moulineaux +124 more,2.6k Reviews, 9.7k Salaries, 93 Interviews, 87  Jobs, 380  Benefits
171,Randstad,4.0,1k-5k Employees , Conglomerate , 31 years old , Chennai +233 more,,2.6k Reviews, 12.5k Salaries, 159 Interviews, 2.3k  Jobs, 341  Benefits
172,Abbott Healthcare,4.0,Pharma , 10k-50k Employees , Public , 32 years old , Illinois City +165 more,2.6k Reviews, 10.4k Salaries, 98 Interviews, 120  Jobs, 377  Benefits
173,Subros,4.0,Auto Components , 1k-5k Employees , Public , 38 years old , Noida +49 more,2.6k Reviews, 12.2k Salaries, 102 Interviews, 1  Jobs, 402  Benefits
174,Havells,4.0,Electrical Equipment , 5k-10k Employees , Public , 40 years old , Noida +164 more,2.6k Reviews, 11.7k Salaries, 119 Interviews, 83  Jobs, 328  Benefits
175,Macleods Pharmaceuticals,4.0,Pharma , 10k-50k Employees , Public , 37 years old , Mumbai +86 more,2.6k Reviews, 12.9k Salaries, 107 Interviews, 15  Jobs, 364  Benefits
176,UnitedHealth,4.0,Healthcare , 10k-50k Employees , Forbes Global 2000 , 46 years old , Minnetonka +14 more,2.6k Reviews, 23.2k Salaries, 62 Interviews, 10  Jobs, 438  Benefits
177,VE Commercial Vehicles,4.0,Automobile , 1k-5k Employees , 15 years old , Gurgaon/Gurugram +121 more,,2.6k Reviews, 12k Salaries, 128 Interviews, 2  Jobs, 370  Benefits
178,American Express,4.0,Financial Services , 10k-50k Employees , Forbes Global 2000 , 173 years old , New York City +40 more,2.5k Reviews, 18.6k Salaries, 203 Interviews, 113  Jobs, 446  Benefits
179,CARS24 ,4.0,Internet , 5k-10k Employees , Indian Unicorn , 8 years old , Gurgaon +142 more,2.5k Reviews, 11.4k Salaries, 204 Interviews, 318  Jobs, 419  Benefits
180,Automatic Data Processing (ADP),4.1,IT Services & Consulting , 10k-50k Employees , Forbes Global 2000 , 74 years old , New Jersey +20 more,2.5k Reviews, 19k Salaries, 133 Interviews, 35  Jobs, 474  Benefits
181,Persistent Systems,4.1,IT Services & Consulting , 10k-50k Employees , Public , 33 years old , Pune +24 more,2.5k Reviews, 26.9k Salaries, 283 Interviews, 45  Jobs, 400  Benefits
182,Team Lease,4.1,Recruitment , 1k-5k Employees , Public , 7 years old , Bangalore/Bengaluru +273 more,2.5k Reviews, 13.5k Salaries, 122 Interviews, 244  Jobs, 224  Benefits
183,Pidilite Industries,4.1,Chemicals , 5k-10k Employees , Public , 64 years old , Mumbai +213 more,2.5k Reviews, 8.7k Salaries, 122 Interviews, 31  Jobs, 369  Benefits
184,Cgi Group,4.1,IT Services & Consulting , 10k-50k Employees , Forbes Global 2000 , 47 years old , Montreal +18 more,2.5k Reviews, 29.8k Salaries, 153 Interviews, 149  Jobs, 412  Benefits
185,Atos,4.1,IT Services & Consulting , 201-500 Employees , Forbes Global 2000 , 26 years old , Vilnius +37 more,2.4k Reviews, 25.8k Salaries, 170 Interviews, 6  Jobs, 359  Benefits
186,Bharat Electronics,4.1,Consumer Electronics & Appliances , 5k-10k Employees , Fortune India 500 , 69 years old , Bangalore/Bengaluru +41 more,2.4k Reviews, 11.2k Salaries, 141 Interviews, --  Jobs, 324  Benefits
187,Alkem Laboratories,4.1,Pharma , 10k-50k Employees , Public , 50 years old , Mumbai +141 more,2.4k Reviews, 8.7k Salaries, 108 Interviews, 20  Jobs, 347  Benefits
188,Alembic Pharmaceuticals,4.1,Pharma , 10k-50k Employees , Public , 116 years old , Vadodara/Baroda +132 more,2.4k Reviews, 12.8k Salaries, 143 Interviews, 61  Jobs, 395  Benefits
189, Publicis Sapient,4.1,IT Services & Consulting , 10k-50k Employees , 33 years old , New York +19 more,,2.4k Reviews, 24.7k Salaries, 292 Interviews, 188  Jobs, 411  Benefits
190,Indian Air Force,4.1,Defence & Aerospace , 1 Lakh+ Employees , 91 years old , New Delhi +108 more,,2.4k Reviews, 5.1k Salaries, 30 Interviews, --  Jobs, 374  Benefits
191,Hindalco Industries,4.1,Metals & Mining , 10k-50k Employees , Public , 65 years old , Mumbai +76 more,2.4k Reviews, 9.3k Salaries, 115 Interviews, 5  Jobs, 339  Benefits
192,Wipro Infotech,4.1,IT Services & Consulting , 1 Lakh+ Employees (Global) , MNC , 78 years old , Bangalore +116 more,2.4k Reviews, 18.6k Salaries, 100 Interviews, --  Jobs, 294  Benefits
193,Hindustan Coca Cola Beverages,4.1,Beverage , 5k-10k Employees , 26 years old , Bangalore +197 more,,2.4k Reviews, 7.1k Salaries, 80 Interviews, 77  Jobs, 384  Benefits
194,DCB Bank,4.1,Banking , 5k-10k Employees , Fortune India 500 , 93 years old , Mumbai +292 more,2.4k Reviews, 8.4k Salaries, 118 Interviews, 41  Jobs, 252  Benefits
195, Wipro Consumer Care & Lighting,4.1,FMCG , 1k-5k Employees , 78 years old , Bangalore/Bengaluru +88 more,,2.4k Reviews, 2.7k Salaries, 40 Interviews, 31  Jobs, 283  Benefits
196,Access Healthcare,4.1,IT Services & Consulting , 5k-10k Employees , 12 years old , Dallas +25 more,,2.4k Reviews, 16.7k Salaries, 129 Interviews, 71  Jobs, 281  Benefits
197,Vishal Mega Mart,4.1,Retail , 10k-50k Employees , 15 years old , Gurgaon/Gurugram +301 more,,2.4k Reviews, 6.6k Salaries, 107 Interviews, 10  Jobs, 275  Benefits
198,R1 RCM,4.1,BPO , 5k-10k Employees , 20 years old , Murray +23 more,,2.4k Reviews, 14.3k Salaries, 173 Interviews, 32  Jobs, 367  Benefits
199,ABB Group,4.1,Electrical Equipment , 1k-5k Employees , Public , 35 years old , Zurich +92 more,2.3k Reviews, 14.5k Salaries, 119 Interviews, --  Jobs, 352  Benefits
